,證券代碼,簡稱,TEJ產業指數
0,1101,台泥         ,TEJN01  傳產- 水泥            
1,1102,亞泥         ,TEJN01  傳產- 水泥            
2,1103,嘉泥         ,TEJN01  傳產- 水泥            
3,1104,環泥         ,TEJN01  傳產- 水泥            
4,1108,幸福         ,TEJN01  傳產- 水泥            
5,1109,信大         ,TEJN01  傳產- 水泥            
6,1110,東泥         ,TEJN01  傳產- 水泥            
7,1201,味全         ,TEJN02  傳產- 食品            
8,1203,味王         ,TEJN02  傳產- 食品            
9,1210,大成         ,TEJN02  傳產- 食品            
10,1213,大飲         ,TEJN02  傳產- 食品            
11,1215,卜蜂         ,TEJN02  傳產- 食品            
12,1216,統一         ,TEJN02  傳產- 食品            
13,1217,愛之味       ,TEJN02  傳產- 食品            
14,1218,泰山         ,TEJN02  傳產- 食品            
15,1219,福壽         ,TEJN02  傳產- 食品            
16,1220,台榮         ,TEJN02  傳產- 食品            
17,1225,福懋油       ,TEJN02  傳產- 食品            
18,1227,佳格         ,TEJN02  傳產- 食品            
19,1229,聯華         ,TEJN02  傳產- 食品            
20,1231,聯華食       ,TEJN02  傳產- 食品            
21,1232,大統益       ,TEJN02  傳產- 食品            
22,1233,天仁         ,TEJN02  傳產- 食品            
23,1234,黑松         ,TEJN02  傳產- 食品            
24,1235,興泰         ,TEJN02  傳產- 食品            
25,1236,宏亞         ,TEJN02  傳產- 食品            
26,1256,鮮活果汁-KY  ,TEJN02  傳產- 食品            
27,1301,台塑         ,TEJN03  傳產- 塑膠原料        
28,1303,南亞         ,TEJN03  傳產- 塑膠原料        
29,1304,台聚         ,TEJN03  傳產- 塑膠原料        
30,1305,華夏         ,TEJN03  傳產- 塑膠原料        
31,1307,三芳         ,TEJN04  傳產- 塑膠製品        
32,1308,亞聚         ,TEJN03  傳產- 塑膠原料        
33,1309,台達化       ,TEJN03  傳產- 塑膠原料        
34,1310,台苯         ,TEJN03  傳產- 塑膠原料        
35,1312,國喬         ,TEJN03  傳產- 塑膠原料        
36,1313,聯成         ,TEJN03  傳產- 塑膠原料        
37,1314,中石化       ,TEJN03  傳產- 塑膠原料        
38,1315,達新         ,TEJN04  傳產- 塑膠製品        
39,1316,上曜         ,TEJN17  傳產- 營建            
40,1319,東陽         ,TEJN16  傳產- 汽車            
41,1321,大洋         ,TEJN04  傳產- 塑膠製品        
42,1323,永裕         ,TEJN04  傳產- 塑膠製品        
43,1324,地球         ,TEJN04  傳產- 塑膠製品        
44,1325,_大         ,TEJN05  傳產- 紡織            
45,1326,台化         ,TEJN03  傳產- 塑膠原料        
46,1337,再生-KY      ,TEJN04  傳產- 塑膠製品        
47,1338,廣華-KY      ,TEJN16  傳產- 汽車            
48,1339,昭輝         ,TEJN16  傳產- 汽車            
49,1340,勝悅-KY      ,TEJN04  傳產- 塑膠製品        
50,1341,富林-KY      ,TEJN04  傳產- 塑膠製品        
51,1342,八貫         ,TEJN04  傳產- 塑膠製品        
52,1402,遠東新       ,TEJN05  傳產- 紡織            
53,1409,新纖         ,TEJN05  傳產- 紡織            
54,1410,南染         ,TEJN05  傳產- 紡織            
55,1413,宏洲         ,TEJN05  傳產- 紡織            
56,1414,東和         ,TEJN05  傳產- 紡織            
57,1416,廣豐         ,                              
58,1417,嘉裕         ,TEJN05  傳產- 紡織            
59,1418,東華         ,TEJN05  傳產- 紡織            
60,1419,新紡         ,TEJN05  傳產- 紡織            
61,1423,利華         ,TEJN05  傳產- 紡織            
62,1432,大魯閣       ,TEJN21  傳產- 百貨貿易        
63,1434,福懋         ,TEJN05  傳產- 紡織            
64,1435,中福         ,                              
65,1436,華友聯       ,TEJN17  傳產- 營建            
66,1437,勤益控       ,TEJN17  傳產- 營建            
67,1438,三地開發     ,TEJN17  傳產- 營建            
68,1439,雋揚         ,TEJN17  傳產- 營建            
69,1440,南紡         ,TEJN05  傳產- 紡織            
70,1441,大東         ,TEJN05  傳產- 紡織            
71,1442,名軒         ,TEJN17  傳產- 營建            
72,1443,立益物流     ,TEJN19  傳產- 陸運            
73,1444,力麗         ,TEJN05  傳產- 紡織            
74,1445,大宇         ,TEJN05  傳產- 紡織            
75,1446,宏和         ,TEJN05  傳產- 紡織            
76,1447,力鵬         ,TEJN05  傳產- 紡織            
77,1449,佳和         ,TEJN05  傳產- 紡織            
78,1451,年興         ,TEJN05  傳產- 紡織            
79,1452,宏益         ,TEJN05  傳產- 紡織            
80,1453,大將         ,TEJN17  傳產- 營建            
81,1454,台富         ,TEJN05  傳產- 紡織            
82,1455,集盛         ,TEJN05  傳產- 紡織            
83,1456,怡華         ,TEJN17  傳產- 營建            
84,1457,宜進         ,TEJN05  傳產- 紡織            
85,1459,聯發         ,TEJN05  傳產- 紡織            
86,1460,宏遠         ,TEJN05  傳產- 紡織            
87,1463,強盛         ,TEJN05  傳產- 紡織            
88,1464,得力         ,TEJN05  傳產- 紡織            
89,1465,偉全         ,TEJN05  傳產- 紡織            
90,1466,聚隆         ,TEJN05  傳產- 紡織            
91,1467,南緯         ,TEJN05  傳產- 紡織            
92,1468,昶和         ,TEJN05  傳產- 紡織            
93,1470,大統新創     ,TEJN05  傳產- 紡織            
94,1471,首利         ,TEJT11  電子- 電源供應器      
95,1472,三洋實業     ,TEJN17  傳產- 營建            
96,1473,台南         ,TEJN05  傳產- 紡織            
97,1474,弘裕         ,TEJN05  傳產- 紡織            
98,1475,業旺         ,TEJN05  傳產- 紡織            
99,1476,儒鴻         ,TEJN05  傳產- 紡織            
100,1477,聚陽         ,TEJN05  傳產- 紡織            
101,1503,士電         ,TEJN07  傳產- 電機及家電      
102,1504,東元         ,TEJN07  傳產- 電機及家電      
103,1506,正道         ,TEJN16  傳產- 汽車            
104,1512,瑞利         ,TEJN16  傳產- 汽車            
105,1513,中興電       ,TEJN07  傳產- 電機及家電      
106,1514,亞力         ,TEJN07  傳產- 電機及家電      
107,1515,力山         ,                              
108,1516,川飛         ,TEJO99  其它業別              
109,1517,利奇         ,TEJN23  傳產- 運動休閒        
110,1519,華城         ,TEJN07  傳產- 電機及家電      
111,1521,大億         ,TEJN16  傳產- 汽車            
112,1522,堤維西       ,TEJN16  傳產- 汽車            
113,1524,耿鼎         ,TEJN16  傳產- 汽車            
114,1525,江申         ,TEJN16  傳產- 汽車            
115,1526,日馳         ,TEJN23  傳產- 運動休閒        
116,1527,鑽全         ,TEJN06  傳產- 工具機          
117,1528,恩德         ,TEJN06  傳產- 工具機          
118,1529,樂事綠能     ,TEJN07  傳產- 電機及家電      
119,1530,亞崴         ,TEJN06  傳產- 工具機          
120,1531,高林股       ,TEJN06  傳產- 工具機          
121,1532,勤美         ,TEJN06  傳產- 工具機          
122,1533,車王電       ,TEJN16  傳產- 汽車            
123,1535,中宇         ,TEJN07  傳產- 電機及家電      
124,1536,和大         ,TEJN16  傳產- 汽車            
125,1537,廣隆         ,TEJT14  電子- 電子零組件其他  
126,1538,正峰         ,TEJN06  傳產- 工具機          
127,1539,巨庭         ,TEJN06  傳產- 工具機          
128,1540,喬福         ,TEJN06  傳產- 工具機          
129,1541,錩泰         ,TEJN06  傳產- 工具機          
130,1558,伸興         ,TEJN06  傳產- 工具機          
131,1560,中砂         ,TEJT16  電子- 晶圓製造        
132,1568,倉佑         ,TEJN16  傳產- 汽車            
133,1582,信錦         ,TEJT14  電子- 電子零組件其他  
134,1583,程泰         ,TEJN06  傳產- 工具機          
135,1587,吉茂         ,TEJN16  傳產- 汽車            
136,1589,永冠-KY      ,TEJN06  傳產- 工具機          
137,1590,亞德客-KY    ,TEJN06  傳產- 工具機          
138,1597,直得         ,TEJN06  傳產- 工具機          
139,1598,岱宇         ,                              
140,1603,華電         ,TEJN08  傳產- 電線            
141,1604,聲寶         ,TEJN07  傳產- 電機及家電      
142,1605,華新         ,TEJN08  傳產- 電線            
143,1608,華榮         ,TEJN08  傳產- 電線            
144,1609,大亞         ,TEJN08  傳產- 電線            
145,1611,中電         ,TEJN07  傳產- 電機及家電      
146,1612,宏泰         ,TEJN08  傳產- 電線            
147,1614,三洋電       ,TEJN07  傳產- 電機及家電      
148,1615,大山         ,TEJN08  傳產- 電線            
149,1616,億泰         ,TEJN08  傳產- 電線            
150,1617,榮星         ,TEJN08  傳產- 電線            
151,1618,合機         ,TEJN08  傳產- 電線            
152,1626,艾美特-KY    ,TEJN07  傳產- 電機及家電      
153,1701,中化         ,TEJN09  傳產- 西藥            
154,1702,南僑         ,TEJN02  傳產- 食品            
155,1707,葡萄王       ,TEJN09  傳產- 西藥            
156,1708,東鹼         ,TEJN11  傳產- 其他化學        
157,1709,和益         ,TEJN11  傳產- 其他化學        
158,1710,東聯         ,TEJN03  傳產- 塑膠原料        
159,1711,永光         ,TEJN11  傳產- 其他化學        
160,1712,興農         ,TEJN11  傳產- 其他化學        
161,1713,國化         ,TEJN11  傳產- 其他化學        
162,1714,和桐         ,TEJN11  傳產- 其他化學        
163,1717,長興         ,TEJN11  傳產- 其他化學        
164,1718,中纖         ,TEJN03  傳產- 塑膠原料        
165,1720,生達         ,TEJN09  傳產- 西藥            
166,1721,三晃         ,TEJN11  傳產- 其他化學        
167,1722,台肥         ,TEJN11  傳產- 其他化學        
168,1723,中碳         ,TEJN11  傳產- 其他化學        
169,1725,元禎         ,TEJN11  傳產- 其他化學        
170,1726,永記         ,TEJN11  傳產- 其他化學        
171,1727,中華化       ,TEJN11  傳產- 其他化學        
172,1730,花仙子       ,TEJN11  傳產- 其他化學        
173,1731,美吾華       ,TEJN09  傳產- 西藥            
174,1732,毛寶         ,TEJN11  傳產- 其他化學        
175,1733,五鼎         ,TEJN10  傳產- 醫療耗材        
176,1734,杏輝         ,TEJN09  傳產- 西藥            
177,1735,日勝化       ,TEJN11  傳產- 其他化學        
178,1736,喬山         ,                              
179,1737,臺鹽         ,TEJN02  傳產- 食品            
180,1752,南光         ,TEJN09  傳產- 西藥            
181,1760,寶齡富錦     ,TEJN09  傳產- 西藥            
182,1762,中化生       ,TEJN09  傳產- 西藥            
183,1773,勝一         ,TEJN11  傳產- 其他化學        
184,1776,展宇         ,TEJN11  傳產- 其他化學        
185,1783,和康生       ,TEJN10  傳產- 醫療耗材        
186,1786,科妍         ,TEJN10  傳產- 醫療耗材        
187,1789,神隆         ,TEJN09  傳產- 西藥            
188,1795,美時         ,TEJN09  傳產- 西藥            
189,1802,台玻         ,TEJN12  傳產- 玻璃陶瓷        
190,1805,寶徠         ,TEJN17  傳產- 營建            
191,1806,冠軍         ,TEJN12  傳產- 玻璃陶瓷        
192,1808,潤隆         ,TEJN17  傳產- 營建            
193,1809,中釉         ,TEJN12  傳產- 玻璃陶瓷        
194,1810,和成         ,TEJN12  傳產- 玻璃陶瓷        
195,1817,凱撒衛       ,TEJN12  傳產- 玻璃陶瓷        
196,1903,士紙         ,TEJN13  傳產- 造紙            
197,1904,正隆         ,TEJN13  傳產- 造紙            
198,1905,華紙         ,TEJN13  傳產- 造紙            
199,1906,寶隆         ,TEJN13  傳產- 造紙            
200,1907,永豐餘       ,TEJN13  傳產- 造紙            
201,1909,榮成         ,TEJN13  傳產- 造紙            
202,2002,中鋼         ,TEJN14  傳產- 鋼鐵            
203,2006,東和鋼鐵     ,TEJN14  傳產- 鋼鐵            
204,2007,燁興         ,TEJN14  傳產- 鋼鐵            
205,2008,高興昌       ,TEJN14  傳產- 鋼鐵            
206,2009,第一銅       ,TEJN14  傳產- 鋼鐵            
207,2010,春源         ,TEJN14  傳產- 鋼鐵            
208,2012,春雨         ,TEJN14  傳產- 鋼鐵            
209,2013,中鋼構       ,TEJN14  傳產- 鋼鐵            
210,2014,中鴻         ,TEJN14  傳產- 鋼鐵            
211,2015,豐興         ,TEJN14  傳產- 鋼鐵            
212,2017,官田鋼       ,TEJN14  傳產- 鋼鐵            
213,2020,美亞         ,TEJN14  傳產- 鋼鐵            
214,2022,聚亨         ,TEJN14  傳產- 鋼鐵            
215,2023,燁輝         ,TEJN14  傳產- 鋼鐵            
216,2024,志聯         ,TEJN14  傳產- 鋼鐵            
217,2025,千興         ,TEJN14  傳產- 鋼鐵            
218,2027,大成鋼       ,TEJN14  傳產- 鋼鐵            
219,2028,威致         ,TEJN14  傳產- 鋼鐵            
220,2029,盛餘         ,TEJN14  傳產- 鋼鐵            
221,2030,彰源         ,TEJN14  傳產- 鋼鐵            
222,2031,新光鋼       ,TEJN14  傳產- 鋼鐵            
223,2032,新鋼         ,TEJN14  傳產- 鋼鐵            
224,2033,佳大         ,TEJN14  傳產- 鋼鐵            
225,2034,允強         ,TEJN14  傳產- 鋼鐵            
226,2038,海光         ,TEJN14  傳產- 鋼鐵            
227,2049,上銀         ,TEJN06  傳產- 工具機          
228,2059,川湖         ,TEJN14  傳產- 鋼鐵            
229,2062,橋椿         ,TEJO99  其它業別              
230,2069,運錩         ,TEJN14  傳產- 鋼鐵            
231,2101,南港         ,TEJN15  傳產- 橡膠            
232,2102,泰豐         ,TEJN15  傳產- 橡膠            
233,2103,台橡         ,TEJN15  傳產- 橡膠            
234,2104,國際中橡     ,TEJN15  傳產- 橡膠            
235,2105,正新         ,TEJN15  傳產- 橡膠            
236,2106,建大         ,TEJN15  傳產- 橡膠            
237,2107,厚生         ,TEJN15  傳產- 橡膠            
238,2108,南帝         ,TEJN15  傳產- 橡膠            
239,2109,華豐         ,TEJN15  傳產- 橡膠            
240,2114,鑫永銓       ,TEJN15  傳產- 橡膠            
241,2115,六暉-KY      ,TEJN16  傳產- 汽車            
242,2201,裕隆         ,TEJN16  傳產- 汽車            
243,2204,中華         ,TEJN16  傳產- 汽車            
244,2206,三陽工業     ,TEJN16  傳產- 汽車            
245,2207,和泰車       ,TEJN16  傳產- 汽車            
246,2208,台船         ,TEJN16  傳產- 汽車            
247,2211,長榮鋼       ,TEJN14  傳產- 鋼鐵            
248,2227,裕日車       ,TEJN16  傳產- 汽車            
249,2228,劍麟         ,TEJN16  傳產- 汽車            
250,2231,為升         ,TEJN16  傳產- 汽車            
251,2233,宇隆         ,TEJN16  傳產- 汽車            
252,2236,百達-KY      ,TEJN16  傳產- 汽車            
253,2239,英利-KY      ,TEJN16  傳產- 汽車            
254,2241,艾姆勒       ,TEJN16  傳產- 汽車            
255,2243,宏旭-KY      ,TEJN16  傳產- 汽車            
256,2247,汎德永業     ,TEJN16  傳產- 汽車            
257,2250,IKKA-KY      ,TEJN16  傳產- 汽車            
258,2301,光寶科       ,TEJT05  電子- PC週邊          
259,2302,麗正         ,TEJT14  電子- 電子零組件其他  
260,2303,聯電         ,TEJT16  電子- 晶圓製造        
261,2305,全友         ,TEJT05  電子- PC週邊          
262,2308,台達電       ,TEJT11  電子- 電源供應器      
263,2312,金寶         ,TEJT01  電子- PC              
264,2313,華通         ,TEJT03  電子- PCB             
265,2314,台揚         ,TEJT15  電子- 網通            
266,2316,楠梓電       ,TEJT03  電子- PCB             
267,2317,鴻海         ,TEJT01  電子- PC              
268,2321,東訊         ,                              
269,2323,中環         ,TEJT05  電子- PC週邊          
270,2324,仁寶         ,TEJT01  電子- PC              
271,2327,國巨         ,TEJT13  電子- 被動元件        
272,2328,廣宇         ,TEJT10  電子- 連接器          
273,2329,華泰         ,TEJT16  電子- 晶圓製造        
274,2330,台積電       ,TEJT16  電子- 晶圓製造        
275,2331,精英         ,TEJT02  電子- 主機板          
276,2332,友訊         ,TEJT15  電子- 網通            
277,2337,旺宏         ,TEJT16  電子- 晶圓製造        
278,2338,光罩         ,TEJT16  電子- 晶圓製造        
279,2340,台亞         ,TEJT06  電子- LED             
280,2342,茂矽         ,TEJT16  電子- 晶圓製造        
281,2344,華邦電       ,TEJT16  電子- 晶圓製造        
282,2345,智邦         ,TEJT15  電子- 網通            
283,2347,聯強         ,TEJT20  電子- 資訊通路        
284,2348,海悅         ,TEJN17  傳產- 營建            
285,2349,錸德         ,TEJT05  電子- PC週邊          
286,2351,順德         ,TEJT16  電子- 晶圓製造        
287,2352,佳世達       ,TEJT05  電子- PC週邊          
288,2353,宏_         ,TEJT01  電子- PC              
289,2354,鴻準         ,TEJT12  電子- 機殼            
290,2355,敬鵬         ,TEJT03  電子- PCB             
291,2356,英業達       ,TEJT01  電子- PC              
292,2357,華碩         ,TEJT01  電子- PC              
293,2358,廷鑫         ,TEJN14  傳產- 鋼鐵            
294,2359,所羅門       ,TEJT20  電子- 資訊通路        
295,2360,致茂         ,TEJT18  電子- 電子設備        
296,2362,藍天         ,TEJT01  電子- PC              
297,2363,矽統         ,TEJT17  電子- IC設計          
298,2364,倫飛         ,TEJT01  電子- PC              
299,2365,昆盈         ,TEJT05  電子- PC週邊          
300,2367,燿華         ,TEJT03  電子- PCB             
301,2368,金像電       ,TEJT03  電子- PCB             
302,2369,菱生         ,TEJT16  電子- 晶圓製造        
303,2371,大同         ,TEJN07  傳產- 電機及家電      
304,2373,震旦行       ,TEJT20  電子- 資訊通路        
305,2374,佳能         ,TEJT21  電子- 消費性電子      
306,2375,凱美         ,TEJT13  電子- 被動元件        
307,2376,技嘉         ,TEJT02  電子- 主機板          
308,2377,微星         ,TEJT02  電子- 主機板          
309,2379,瑞昱         ,TEJT17  電子- IC設計          
310,2380,虹光         ,TEJT05  電子- PC週邊          
311,2382,廣達         ,TEJT01  電子- PC              
312,2383,台光電       ,TEJT04  電子- PCB原材料       
313,2385,群光         ,TEJT05  電子- PC週邊          
314,2387,精元         ,TEJT05  電子- PC週邊          
315,2388,威盛         ,TEJT17  電子- IC設計          
316,2390,云辰         ,TEJT09  電子- 其他光電        
317,2392,正崴         ,TEJT10  電子- 連接器          
318,2393,億光         ,TEJT06  電子- LED             
319,2395,研華         ,TEJT02  電子- 主機板          
320,2397,友通         ,TEJT02  電子- 主機板          
321,2399,映泰         ,TEJT02  電子- 主機板          
322,2401,凌陽         ,TEJT17  電子- IC設計          
323,2402,毅嘉         ,TEJT03  電子- PCB             
324,2404,漢唐         ,TEJT18  電子- 電子設備        
325,2405,輔信         ,TEJT01  電子- PC              
326,2406,國碩         ,TEJT07  電子- 太陽能          
327,2408,南亞科       ,TEJT16  電子- 晶圓製造        
328,2409,友達         ,TEJT08  電子- 面板            
329,2412,中華電       ,TEJT19  電子- 電信業          
330,2413,環科         ,TEJT11  電子- 電源供應器      
331,2414,精技         ,TEJT20  電子- 資訊通路        
332,2415,錩新         ,TEJT21  電子- 消費性電子      
333,2417,圓剛         ,TEJT02  電子- 主機板          
334,2419,仲琦         ,TEJT15  電子- 網通            
335,2420,新巨         ,TEJT11  電子- 電源供應器      
336,2421,建準         ,TEJT14  電子- 電子零組件其他  
337,2423,固緯         ,TEJT11  電子- 電源供應器      
338,2424,隴華         ,                              
339,2425,承啟         ,TEJT02  電子- 主機板          
340,2426,鼎元         ,TEJT06  電子- LED             
341,2427,三商電       ,TEJT22  電子- 軟體            
342,2428,興勤         ,TEJT13  電子- 被動元件        
343,2429,銘旺科       ,TEJT09  電子- 其他光電        
344,2430,燦坤         ,TEJT20  電子- 資訊通路        
345,2431,聯昌         ,TEJT11  電子- 電源供應器      
346,2433,互盛電       ,TEJT20  電子- 資訊通路        
347,2434,統懋         ,TEJT14  電子- 電子零組件其他  
348,2436,偉詮電       ,TEJT17  電子- IC設計          
349,2438,翔耀         ,TEJT08  電子- 面板            
350,2439,美律         ,TEJT21  電子- 消費性電子      
351,2440,太空梭       ,TEJT10  電子- 連接器          
352,2441,超豐         ,TEJT16  電子- 晶圓製造        
353,2442,新美齊       ,TEJN17  傳產- 營建            
354,2443,昶虹         ,TEJO99  其它業別              
355,2444,兆勁         ,TEJT15  電子- 網通            
356,2449,京元電子     ,TEJT16  電子- 晶圓製造        
357,2450,神腦         ,TEJT20  電子- 資訊通路        
358,2451,創見         ,TEJT16  電子- 晶圓製造        
359,2453,凌群         ,TEJT22  電子- 軟體            
360,2454,聯發科       ,TEJT17  電子- IC設計          
361,2455,全新         ,TEJT16  電子- 晶圓製造        
362,2457,飛宏         ,TEJT11  電子- 電源供應器      
363,2458,義隆         ,TEJT17  電子- IC設計          
364,2459,敦吉         ,TEJT20  電子- 資訊通路        
365,2460,建通         ,TEJT10  電子- 連接器          
366,2461,光群雷       ,TEJN04  傳產- 塑膠製品        
367,2462,良得電       ,TEJT10  電子- 連接器          
368,2464,盟立         ,TEJT18  電子- 電子設備        
369,2465,麗臺         ,TEJT02  電子- 主機板          
370,2466,冠西電       ,TEJT06  電子- LED             
371,2467,志聖         ,TEJT18  電子- 電子設備        
372,2468,華經         ,TEJT22  電子- 軟體            
373,2471,資通         ,TEJT22  電子- 軟體            
374,2472,立隆電       ,TEJT13  電子- 被動元件        
375,2474,可成         ,TEJT12  電子- 機殼            
376,2476,鉅祥         ,TEJT14  電子- 電子零組件其他  
377,2477,美隆電       ,TEJT21  電子- 消費性電子      
378,2478,大毅         ,TEJT13  電子- 被動元件        
379,2480,敦陽科       ,TEJT22  電子- 軟體            
380,2481,強茂         ,TEJT14  電子- 電子零組件其他  
381,2482,連宇         ,TEJT05  電子- PC週邊          
382,2483,百容         ,TEJT14  電子- 電子零組件其他  
383,2484,希華         ,TEJT14  電子- 電子零組件其他  
384,2485,兆赫         ,TEJT15  電子- 網通            
385,2486,一詮         ,TEJT14  電子- 電子零組件其他  
386,2488,漢平         ,TEJT21  電子- 消費性電子      
387,2489,瑞軒         ,TEJT05  電子- PC週邊          
388,2491,吉祥全       ,TEJN07  傳產- 電機及家電      
389,2492,華新科       ,TEJT13  電子- 被動元件        
390,2493,揚博         ,TEJT18  電子- 電子設備        
391,2495,普安         ,TEJT05  電子- PC週邊          
392,2496,卓越         ,TEJO99  其它業別              
393,2497,怡利電       ,TEJN16  傳產- 汽車            
394,2498,宏達電       ,                              
395,2501,國建         ,TEJN17  傳產- 營建            
396,2504,國產         ,TEJN01  傳產- 水泥            
397,2505,國揚         ,TEJN17  傳產- 營建            
398,2506,太設         ,TEJN17  傳產- 營建            
399,2509,全坤建       ,TEJN17  傳產- 營建            
400,2511,太子         ,TEJN17  傳產- 營建            
401,2514,龍邦         ,TEJN17  傳產- 營建            
402,2515,中工         ,TEJN17  傳產- 營建            
403,2516,新建         ,TEJN17  傳產- 營建            
404,2520,冠德         ,TEJN17  傳產- 營建            
405,2524,京城         ,TEJN17  傳產- 營建            
406,2527,宏璟         ,TEJN17  傳產- 營建            
407,2528,皇普         ,TEJN17  傳產- 營建            
408,2530,華建         ,TEJN17  傳產- 營建            
409,2534,宏盛         ,TEJN17  傳產- 營建            
410,2535,達欣工       ,TEJN17  傳產- 營建            
411,2536,宏普         ,TEJN17  傳產- 營建            
412,2537,聯上發       ,TEJN17  傳產- 營建            
413,2538,基泰         ,TEJN17  傳產- 營建            
414,2539,櫻花建       ,TEJN17  傳產- 營建            
415,2540,愛山林       ,TEJN17  傳產- 營建            
416,2542,興富發       ,TEJN17  傳產- 營建            
417,2543,皇昌         ,TEJN17  傳產- 營建            
418,2545,皇翔         ,TEJN17  傳產- 營建            
419,2546,根基         ,TEJN17  傳產- 營建            
420,2547,日勝生       ,TEJN17  傳產- 營建            
421,2548,華固         ,TEJN17  傳產- 營建            
422,2597,潤弘         ,TEJN17  傳產- 營建            
423,2601,益航         ,TEJN18  傳產- 海空運          
424,2603,長榮         ,TEJN18  傳產- 海空運          
425,2605,新興         ,TEJN18  傳產- 海空運          
426,2606,裕民         ,TEJN18  傳產- 海空運          
427,2607,榮運         ,TEJN19  傳產- 陸運            
428,2608,嘉里大榮     ,TEJN19  傳產- 陸運            
429,2609,陽明         ,TEJN18  傳產- 海空運          
430,2610,華航         ,TEJN18  傳產- 海空運          
431,2611,志信         ,TEJN19  傳產- 陸運            
432,2612,中航         ,TEJN18  傳產- 海空運          
433,2613,中櫃         ,TEJN19  傳產- 陸運            
434,2614,東森         ,                              
435,2615,萬海         ,TEJN18  傳產- 海空運          
436,2616,山隆         ,TEJN22  傳產- 油電燃氣        
437,2617,台航         ,TEJN18  傳產- 海空運          
438,2618,長榮航       ,TEJN18  傳產- 海空運          
439,2630,亞航         ,                              
440,2633,台灣高鐵     ,                              
441,2634,漢翔         ,                              
442,2636,台驊投控     ,TEJN19  傳產- 陸運            
443,2637,慧洋-KY      ,TEJN18  傳產- 海空運          
444,2642,宅配通       ,TEJN19  傳產- 陸運            
445,2645,長榮航太     ,                              
446,2701,萬企         ,TEJN20  傳產- 觀光餐飲        
447,2702,華園         ,TEJN20  傳產- 觀光餐飲        
448,2704,國賓         ,TEJN20  傳產- 觀光餐飲        
449,2705,六福         ,TEJN20  傳產- 觀光餐飲        
450,2706,第一店       ,TEJN20  傳產- 觀光餐飲        
451,2707,晶華         ,TEJN20  傳產- 觀光餐飲        
452,2712,遠雄來       ,TEJN20  傳產- 觀光餐飲        
453,2722,夏都         ,TEJN20  傳產- 觀光餐飲        
454,2723,美食-KY      ,TEJN20  傳產- 觀光餐飲        
455,2727,王品         ,TEJN20  傳產- 觀光餐飲        
456,2731,雄獅         ,TEJN20  傳產- 觀光餐飲        
457,2739,寒舍         ,TEJN20  傳產- 觀光餐飲        
458,2748,雲品         ,TEJN20  傳產- 觀光餐飲        
459,2753,八方雲集     ,TEJN20  傳產- 觀光餐飲        
460,2801,彰銀         ,TEJF01  金融- 金融中介        
461,2809,京城銀       ,TEJF01  金融- 金融中介        
462,2812,台中銀       ,TEJF01  金融- 金融中介        
463,2816,旺旺保       ,TEJF02  金融- 保險業          
464,2820,華票         ,TEJF01  金融- 金融中介        
465,2832,台產         ,TEJF02  金融- 保險業          
466,2834,臺企銀       ,TEJF01  金融- 金融中介        
467,2836,高雄銀       ,TEJF01  金融- 金融中介        
468,2838,聯邦銀       ,TEJF01  金融- 金融中介        
469,2845,遠東銀       ,TEJF01  金融- 金融中介        
470,2849,安泰銀       ,TEJF01  金融- 金融中介        
471,2850,新產         ,TEJF02  金融- 保險業          
472,2851,中再保       ,TEJF02  金融- 保險業          
473,2852,第一保       ,TEJF02  金融- 保險業          
474,2855,統一證       ,TEJF03  金融- 證券投信業      
475,2867,三商壽       ,TEJF02  金融- 保險業          
476,2880,華南金       ,TEJF01  金融- 金融中介        
477,2881,富邦金       ,TEJF01  金融- 金融中介        
478,2882,國泰金       ,TEJF01  金融- 金融中介        
479,2883,開發金       ,TEJF01  金融- 金融中介        
480,2884,玉山金       ,TEJF01  金融- 金融中介        
481,2885,元大金       ,TEJF01  金融- 金融中介        
482,2886,兆豐金       ,TEJF01  金融- 金融中介        
483,2887,台新金       ,TEJF01  金融- 金融中介        
484,2888,新光金       ,TEJF01  金融- 金融中介        
485,2889,國票金       ,TEJF01  金融- 金融中介        
486,2890,永豐金       ,TEJF01  金融- 金融中介        
487,2891,中信金       ,TEJF01  金融- 金融中介        
488,2892,第一金       ,TEJF01  金融- 金融中介        
489,2897,王道銀行     ,TEJF01  金融- 金融中介        
490,2901,欣欣         ,TEJN21  傳產- 百貨貿易        
491,2903,遠百         ,TEJN21  傳產- 百貨貿易        
492,2904,匯僑         ,TEJN19  傳產- 陸運            
493,2905,三商         ,                              
494,2906,高林         ,TEJN21  傳產- 百貨貿易        
495,2908,特力         ,TEJN21  傳產- 百貨貿易        
496,2910,統領         ,TEJN21  傳產- 百貨貿易        
497,2911,麗嬰房       ,                              
498,2912,統一超       ,TEJN21  傳產- 百貨貿易        
499,2913,農林         ,TEJN21  傳產- 百貨貿易        
500,2915,潤泰全       ,TEJN21  傳產- 百貨貿易        
501,2923,鼎固-KY      ,TEJN17  傳產- 營建            
502,2929,淘帝-KY      ,TEJN21  傳產- 百貨貿易        
503,2939,凱羿-KY      ,TEJN21  傳產- 百貨貿易        
504,2945,三商家購     ,                              
505,3002,歐格         ,TEJT11  電子- 電源供應器      
506,3003,健和興       ,TEJT10  電子- 連接器          
507,3004,豐達科       ,                              
508,3005,神基         ,TEJT12  電子- 機殼            
509,3006,晶豪科       ,TEJT17  電子- IC設計          
510,3008,大立光       ,TEJT21  電子- 消費性電子      
511,3010,華立         ,TEJT20  電子- 資訊通路        
512,3011,今皓         ,TEJT10  電子- 連接器          
513,3013,晟銘電       ,TEJT12  電子- 機殼            
514,3014,聯陽         ,TEJT17  電子- IC設計          
515,3015,全漢         ,TEJT11  電子- 電源供應器      
516,3016,嘉晶         ,TEJT16  電子- 晶圓製造        
517,3017,奇鋐         ,TEJT14  電子- 電子零組件其他  
518,3018,隆銘綠能     ,TEJN07  傳產- 電機及家電      
519,3019,亞光         ,TEJT21  電子- 消費性電子      
520,3021,鴻名         ,TEJT10  電子- 連接器          
521,3022,威強電       ,TEJT02  電子- 主機板          
522,3023,信邦         ,TEJT10  電子- 連接器          
523,3024,憶聲         ,TEJN07  傳產- 電機及家電      
524,3025,星通         ,TEJT15  電子- 網通            
525,3026,禾伸堂       ,TEJT13  電子- 被動元件        
526,3027,盛達         ,                              
527,3028,增你強       ,TEJT20  電子- 資訊通路        
528,3029,零壹         ,                              
529,3030,德律         ,TEJT18  電子- 電子設備        
530,3031,佰鴻         ,TEJT06  電子- LED             
531,3032,偉訓         ,TEJT12  電子- 機殼            
532,3033,威健         ,TEJT20  電子- 資訊通路        
533,3034,聯詠         ,TEJT17  電子- IC設計          
534,3035,智原         ,TEJT17  電子- IC設計          
535,3036,文曄         ,TEJT20  電子- 資訊通路        
536,3037,欣興         ,TEJT03  電子- PCB             
537,3038,全台         ,TEJT08  電子- 面板            
538,3040,遠見         ,TEJN17  傳產- 營建            
539,3041,揚智         ,TEJT17  電子- IC設計          
540,3042,晶技         ,TEJT14  電子- 電子零組件其他  
541,3043,科風         ,TEJT11  電子- 電源供應器      
542,3044,健鼎         ,TEJT03  電子- PCB             
543,3045,台灣大       ,TEJT19  電子- 電信業          
544,3046,建_         ,TEJT02  電子- 主機板          
545,3047,訊舟         ,TEJT15  電子- 網通            
546,3048,益登         ,TEJT20  電子- 資訊通路        
547,3049,精金         ,TEJT08  電子- 面板            
548,3050,鈺德         ,TEJT05  電子- PC週邊          
549,3051,力特         ,TEJT08  電子- 面板            
550,3052,夆典         ,TEJN17  傳產- 營建            
551,3054,立萬利       ,TEJN09  傳產- 西藥            
552,3055,蔚華科       ,TEJT18  電子- 電子設備        
553,3056,富華新       ,TEJN17  傳產- 營建            
554,3057,喬鼎         ,TEJT05  電子- PC週邊          
555,3058,立德         ,TEJT11  電子- 電源供應器      
556,3059,華晶科       ,TEJT21  電子- 消費性電子      
557,3060,銘異         ,TEJT05  電子- PC週邊          
558,3062,建漢         ,TEJT15  電子- 網通            
559,3090,日電貿       ,TEJT20  電子- 資訊通路        
560,3092,鴻碩         ,TEJT10  電子- 連接器          
561,3094,聯傑         ,TEJT17  電子- IC設計          
562,3130,一零四       ,TEJT15  電子- 網通            
563,3138,耀登         ,TEJT15  電子- 網通            
564,3149,正達         ,TEJT08  電子- 面板            
565,3164,景岳         ,TEJN09  傳產- 西藥            
566,3167,大量         ,TEJT18  電子- 電子設備        
567,3189,景碩         ,TEJT02  電子- 主機板          
568,3209,全科         ,TEJT20  電子- 資訊通路        
569,3229,晟鈦         ,TEJT03  電子- PCB             
570,3231,緯創         ,TEJT01  電子- PC              
571,3257,虹冠電       ,TEJT17  電子- IC設計          
572,3266,昇陽         ,TEJN17  傳產- 營建            
573,3296,勝德         ,TEJT11  電子- 電源供應器      
574,3305,昇貿         ,TEJT04  電子- PCB原材料       
575,3308,聯德         ,TEJT11  電子- 電源供應器      
576,3311,閎暉         ,TEJT14  電子- 電子零組件其他  
577,3312,弘憶股       ,TEJT20  電子- 資訊通路        
578,3321,同泰         ,TEJT03  電子- PCB             
579,3338,泰碩         ,TEJT14  電子- 電子零組件其他  
580,3346,麗清         ,TEJT06  電子- LED             
581,3356,奇偶         ,TEJT09  電子- 其他光電        
582,3376,新日興       ,TEJT14  電子- 電子零組件其他  
583,3380,明泰         ,TEJT15  電子- 網通            
584,3406,玉晶光       ,TEJT21  電子- 消費性電子      
585,3413,京鼎         ,TEJT18  電子- 電子設備        
586,3416,融程電       ,TEJT02  電子- 主機板          
587,3419,譁裕         ,TEJT15  電子- 網通            
588,3432,台端         ,TEJT10  電子- 連接器          
589,3437,榮創         ,TEJT06  電子- LED             
590,3443,創意         ,TEJT17  電子- IC設計          
591,3447,展達         ,TEJT15  電子- 網通            
592,3450,聯鈞         ,TEJT15  電子- 網通            
593,3454,晶睿         ,TEJT09  電子- 其他光電        
594,3481,群創         ,TEJT08  電子- 面板            
595,3494,誠研         ,TEJT20  電子- 資訊通路        
596,3501,維熹         ,TEJT10  電子- 連接器          
597,3504,揚明光       ,TEJT09  電子- 其他光電        
598,3515,華擎         ,TEJT02  電子- 主機板          
599,3518,柏騰         ,TEJO99  其它業別              
600,3528,安馳         ,TEJT20  電子- 資訊通路        
601,3530,晶相光       ,TEJT17  電子- IC設計          
602,3532,台勝科       ,TEJT16  電子- 晶圓製造        
603,3533,嘉澤         ,TEJT10  電子- 連接器          
604,3535,晶彩科       ,TEJT18  電子- 電子設備        
605,3543,州巧         ,TEJT14  電子- 電子零組件其他  
606,3545,敦泰         ,TEJT17  電子- IC設計          
607,3550,聯穎         ,TEJT10  電子- 連接器          
608,3557,嘉威         ,TEJO99  其它業別              
609,3563,牧德         ,TEJT18  電子- 電子設備        
610,3576,聯合再生     ,TEJT07  電子- 太陽能          
611,3583,辛耘         ,TEJT18  電子- 電子設備        
612,3588,通嘉         ,TEJT17  電子- IC設計          
613,3591,艾笛森       ,TEJT06  電子- LED             
614,3592,瑞鼎         ,TEJT17  電子- IC設計          
615,3593,力銘         ,TEJT12  電子- 機殼            
616,3596,智易         ,TEJT15  電子- 網通            
617,3605,宏致         ,TEJT10  電子- 連接器          
618,3607,谷崧         ,TEJT12  電子- 機殼            
619,3617,碩天         ,TEJT11  電子- 電源供應器      
620,3622,洋華         ,TEJT08  電子- 面板            
621,3645,達邁         ,TEJT03  電子- PCB             
622,3652,精聯         ,TEJT02  電子- 主機板          
623,3653,健策         ,TEJT14  電子- 電子零組件其他  
624,3661,世芯-KY      ,TEJT17  電子- IC設計          
625,3665,貿聯-KY      ,TEJT10  電子- 連接器          
626,3669,圓展         ,TEJT09  電子- 其他光電        
627,3673,TPK-KY       ,TEJT08  電子- 面板            
628,3679,新至陞       ,TEJT14  電子- 電子零組件其他  
629,3686,達能         ,TEJT07  電子- 太陽能          
630,3694,海華         ,TEJT15  電子- 網通            
631,3701,大眾控       ,TEJT01  電子- PC              
632,3702,大聯大       ,TEJT20  電子- 資訊通路        
633,3703,欣陸         ,TEJN17  傳產- 營建            
634,3704,合勤控       ,TEJT15  電子- 網通            
635,3705,永信         ,TEJN09  傳產- 西藥            
636,3706,神達         ,TEJT01  電子- PC              
637,3708,上緯投控     ,TEJN11  傳產- 其他化學        
638,3711,日月光投控   ,TEJT16  電子- 晶圓製造        
639,3712,永崴投控     ,TEJT05  電子- PC週邊          
640,3714,富采         ,TEJT06  電子- LED             
641,3715,定穎投控     ,TEJT03  電子- PCB             
642,4104,佳醫         ,TEJN10  傳產- 醫療耗材        
643,4106,雃博         ,TEJN10  傳產- 醫療耗材        
644,4108,懷特         ,TEJN09  傳產- 西藥            
645,4119,旭富         ,TEJN09  傳產- 西藥            
646,4133,亞諾法       ,TEJN10  傳產- 醫療耗材        
647,4137,麗豐-KY      ,                              
648,4142,國光生       ,TEJN09  傳產- 西藥            
649,4148,全宇生技-KY  ,TEJN11  傳產- 其他化學        
650,4155,訊映         ,TEJN10  傳產- 醫療耗材        
651,4164,承業醫       ,TEJN10  傳產- 醫療耗材        
652,4190,佐登-KY      ,                              
653,4306,炎洲         ,TEJN04  傳產- 塑膠製品        
654,4414,如興         ,TEJN05  傳產- 紡織            
655,4426,利勤         ,TEJN05  傳產- 紡織            
656,4438,廣越         ,TEJN05  傳產- 紡織            
657,4439,冠星-KY      ,TEJN05  傳產- 紡織            
658,4440,宜新實業     ,TEJN05  傳產- 紡織            
659,4526,東台         ,TEJN06  傳產- 工具機          
660,4532,瑞智         ,TEJN07  傳產- 電機及家電      
661,4536,拓凱         ,TEJO99  其它業別              
662,4540,全球傳動     ,TEJN06  傳產- 工具機          
663,4545,銘鈺         ,TEJT14  電子- 電子零組件其他  
664,4551,智伸科       ,TEJN16  傳產- 汽車            
665,4552,力達-KY      ,TEJN07  傳產- 電機及家電      
666,4555,氣立         ,TEJN06  傳產- 工具機          
667,4557,永新-KY      ,TEJN16  傳產- 汽車            
668,4560,強信-KY      ,TEJN06  傳產- 工具機          
669,4562,穎漢         ,TEJN06  傳產- 工具機          
670,4564,元翎         ,TEJN14  傳產- 鋼鐵            
671,4566,時碩工業     ,TEJN16  傳產- 汽車            
672,4569,六方科-KY    ,TEJT14  電子- 電子零組件其他  
673,4571,鈞興-KY      ,TEJN16  傳產- 汽車            
674,4572,駐龍         ,                              
675,4576,大銀微系統   ,TEJN06  傳產- 工具機          
676,4581,光隆精密-KY  ,TEJN16  傳產- 汽車            
677,4583,台灣精銳     ,TEJN06  傳產- 工具機          
678,4720,德淵         ,TEJN11  傳產- 其他化學        
679,4722,國精化       ,TEJN11  傳產- 其他化學        
680,4736,泰博         ,TEJN10  傳產- 醫療耗材        
681,4737,華廣         ,TEJN10  傳產- 醫療耗材        
682,4739,康普         ,TEJN11  傳產- 其他化學        
683,4746,台耀         ,TEJN09  傳產- 西藥            
684,4755,三福化       ,TEJN11  傳產- 其他化學        
685,4763,材料-KY      ,TEJN11  傳產- 其他化學        
686,4764,雙鍵         ,TEJN11  傳產- 其他化學        
687,4766,南寶         ,TEJN11  傳產- 其他化學        
688,4770,上品         ,TEJN11  傳產- 其他化學        
689,4807,日成-KY      ,TEJO99  其它業別              
690,4904,遠傳         ,TEJT19  電子- 電信業          
691,4906,正文         ,TEJT15  電子- 網通            
692,4912,聯德控股-KY  ,TEJT14  電子- 電子零組件其他  
693,4915,致伸         ,TEJT05  電子- PC週邊          
694,4916,事欣科       ,TEJT02  電子- 主機板          
695,4919,新唐         ,TEJT17  電子- IC設計          
696,4927,泰鼎-KY      ,TEJT03  電子- PCB             
697,4930,燦星網       ,TEJN07  傳產- 電機及家電      
698,4934,太極         ,TEJT07  電子- 太陽能          
699,4935,茂林-KY      ,TEJT08  電子- 面板            
700,4938,和碩         ,TEJT01  電子- PC              
701,4942,嘉彰         ,TEJT14  電子- 電子零組件其他  
702,4943,康控-KY      ,TEJT10  電子- 連接器          
703,4952,凌通         ,TEJT17  電子- IC設計          
704,4956,光鋐         ,TEJT06  電子- LED             
705,4958,臻鼎-KY      ,TEJT03  電子- PCB             
706,4960,誠美材       ,TEJT08  電子- 面板            
707,4961,天鈺         ,TEJT17  電子- IC設計          
708,4967,十銓         ,TEJT16  電子- 晶圓製造        
709,4968,立積         ,TEJT17  電子- IC設計          
710,4976,佳凌         ,TEJT21  電子- 消費性電子      
711,4977,眾達-KY      ,TEJT15  電子- 網通            
712,4989,榮科         ,TEJT04  電子- PCB原材料       
713,4994,傳奇         ,TEJT22  電子- 軟體            
714,4999,鑫禾         ,TEJT14  電子- 電子零組件其他  
715,5007,三星         ,TEJN14  傳產- 鋼鐵            
716,5203,訊連         ,                              
717,5215,科嘉-KY      ,TEJT14  電子- 電子零組件其他  
718,5222,全訊         ,TEJT15  電子- 網通            
719,5225,東科-KY      ,TEJT21  電子- 消費性電子      
720,5234,達興材料     ,TEJT08  電子- 面板            
721,5243,乙盛-KY      ,TEJT14  電子- 電子零組件其他  
722,5244,弘凱         ,TEJT06  電子- LED             
723,5258,虹堡         ,TEJT02  電子- 主機板          
724,5269,祥碩         ,TEJT17  電子- IC設計          
725,5283,禾聯碩       ,TEJN07  傳產- 電機及家電      
726,5284,jpp-KY       ,TEJT14  電子- 電子零組件其他  
727,5285,界霖         ,TEJT16  電子- 晶圓製造        
728,5288,豐祥-KY      ,TEJN16  傳產- 汽車            
729,5292,華懋         ,TEJT18  電子- 電子設備        
730,5306,桂盟         ,TEJN23  傳產- 運動休閒        
731,5388,中磊         ,TEJT15  電子- 網通            
732,5434,崇越         ,TEJT20  電子- 資訊通路        
733,5469,瀚宇博       ,TEJT03  電子- PCB             
734,5471,松翰         ,TEJT17  電子- IC設計          
735,5484,慧友         ,TEJT09  電子- 其他光電        
736,5515,建國         ,TEJN17  傳產- 營建            
737,5519,隆大         ,TEJN17  傳產- 營建            
738,5521,工信         ,TEJN17  傳產- 營建            
739,5522,遠雄         ,TEJN17  傳產- 營建            
740,5525,順天         ,TEJN17  傳產- 營建            
741,5531,鄉林         ,TEJN17  傳產- 營建            
742,5533,皇鼎         ,TEJN17  傳產- 營建            
743,5534,長虹         ,TEJN17  傳產- 營建            
744,5538,東明-KY      ,TEJN14  傳產- 鋼鐵            
745,5546,永固-KY      ,TEJN01  傳產- 水泥            
746,5607,遠雄港       ,TEJN19  傳產- 陸運            
747,5608,四維航       ,TEJN18  傳產- 海空運          
748,5706,鳳凰         ,TEJN20  傳產- 觀光餐飲        
749,5871,中租-KY      ,TEJF01  金融- 金融中介        
750,5876,上海商銀     ,TEJF01  金融- 金融中介        
751,5880,合庫金       ,TEJF01  金融- 金融中介        
752,5906,台南-KY      ,                              
753,5907,大洋-KY      ,TEJN21  傳產- 百貨貿易        
754,6005,群益證       ,TEJF03  金融- 證券投信業      
755,6024,群益期       ,TEJF03  金融- 證券投信業      
756,6108,競國         ,TEJT03  電子- PCB             
757,6112,邁達特       ,TEJT22  電子- 軟體            
758,6115,鎰勝         ,TEJT10  電子- 連接器          
759,6116,彩晶         ,TEJT08  電子- 面板            
760,6117,迎廣         ,TEJT12  電子- 機殼            
761,6120,達運         ,TEJT08  電子- 面板            
762,6128,上福         ,TEJT05  電子- PC週邊          
763,6133,金橋         ,TEJT10  電子- 連接器          
764,6136,富爾特       ,                              
765,6139,亞翔         ,TEJN07  傳產- 電機及家電      
766,6141,柏承         ,TEJT03  電子- PCB             
767,6142,友勁         ,TEJT15  電子- 網通            
768,6152,百一         ,TEJT15  電子- 網通            
769,6153,嘉聯益       ,TEJT03  電子- PCB             
770,6155,鈞寶         ,TEJT13  電子- 被動元件        
771,6164,華興         ,TEJT06  電子- LED             
772,6165,浪凡         ,TEJT15  電子- 網通            
773,6166,凌華         ,TEJT02  電子- 主機板          
774,6168,宏齊         ,TEJT06  電子- LED             
775,6176,瑞儀         ,TEJT08  電子- 面板            
776,6177,達麗         ,TEJN17  傳產- 營建            
777,6183,關貿         ,                              
778,6184,大豐電       ,TEJO99  其它業別              
779,6189,豐藝         ,TEJT20  電子- 資訊通路        
780,6191,精成科       ,TEJT03  電子- PCB             
781,6192,巨路         ,TEJT20  電子- 資訊通路        
782,6196,帆宣         ,TEJT18  電子- 電子設備        
783,6197,佳必琪       ,TEJT10  電子- 連接器          
784,6201,亞弘電       ,TEJT21  電子- 消費性電子      
785,6202,盛群         ,TEJT17  電子- IC設計          
786,6205,詮欣         ,TEJT10  電子- 連接器          
787,6206,飛捷         ,TEJT02  電子- 主機板          
788,6209,今國光       ,TEJT21  電子- 消費性電子      
789,6213,聯茂         ,TEJT04  電子- PCB原材料       
790,6214,精誠         ,TEJT22  電子- 軟體            
791,6215,和椿         ,TEJT18  電子- 電子設備        
792,6216,居易         ,TEJT15  電子- 網通            
793,6224,聚鼎         ,TEJT13  電子- 被動元件        
794,6225,天瀚         ,TEJT21  電子- 消費性電子      
795,6226,光鼎         ,TEJT06  電子- LED             
796,6230,尼得科超眾   ,TEJT14  電子- 電子零組件其他  
797,6235,華孚         ,TEJT12  電子- 機殼            
798,6239,力成         ,TEJT16  電子- 晶圓製造        
799,6243,迅杰         ,TEJT17  電子- IC設計          
800,6257,矽格         ,TEJT16  電子- 晶圓製造        
801,6269,台郡         ,TEJT03  電子- PCB             
802,6271,同欣電       ,TEJT16  電子- 晶圓製造        
803,6277,宏正         ,TEJT05  電子- PC週邊          
804,6278,台表科       ,TEJT03  電子- PCB             
805,6281,全國電       ,TEJT20  電子- 資訊通路        
806,6282,康舒         ,TEJT11  電子- 電源供應器      
807,6283,淳安         ,TEJT05  電子- PC週邊          
808,6285,啟_         ,TEJT15  電子- 網通            
809,6288,聯嘉         ,TEJT06  電子- LED             
810,6405,悅城         ,TEJT08  電子- 面板            
811,6409,旭隼         ,TEJT11  電子- 電源供應器      
812,6412,群電         ,TEJT11  電子- 電源供應器      
813,6414,樺漢         ,TEJT02  電子- 主機板          
814,6415,矽力*-KY     ,TEJT17  電子- IC設計          
815,6416,瑞祺電通     ,TEJT15  電子- 網通            
816,6426,統新         ,TEJT15  電子- 網通            
817,6431,光麗-KY      ,                              
818,6438,迅得         ,TEJT18  電子- 電子設備        
819,6442,光聖         ,TEJT15  電子- 網通            
820,6443,元晶         ,TEJT07  電子- 太陽能          
821,6449,鈺邦         ,TEJT13  電子- 被動元件        
822,6451,訊芯-KY      ,TEJT16  電子- 晶圓製造        
823,6456,GIS-KY       ,TEJT08  電子- 面板            
824,6464,台數科       ,TEJO99  其它業別              
825,6472,保瑞         ,TEJN09  傳產- 西藥            
826,6477,安集         ,                              
827,6491,晶碩         ,TEJN10  傳產- 醫療耗材        
828,6504,南六         ,TEJN05  傳產- 紡織            
829,6505,台塑化       ,TEJN03  傳產- 塑膠原料        
830,6515,穎崴         ,TEJT04  電子- PCB原材料       
831,6525,捷敏-KY      ,TEJT16  電子- 晶圓製造        
832,6526,達發         ,TEJT17  電子- IC設計          
833,6531,愛普*        ,TEJT17  電子- IC設計          
834,6533,晶心科       ,TEJT17  電子- IC設計          
835,6541,泰福-KY      ,TEJN09  傳產- 西藥            
836,6550,北極星藥業-KY,TEJN09  傳產- 西藥            
837,6552,易華電       ,TEJT03  電子- PCB             
838,6558,興能高       ,TEJT14  電子- 電子零組件其他  
839,6573,虹揚-KY      ,TEJT14  電子- 電子零組件其他  
840,6579,研揚         ,TEJT02  電子- 主機板          
841,6581,鋼聯         ,TEJO99  其它業別              
842,6582,申豐         ,TEJN15  傳產- 橡膠            
843,6585,鼎基         ,TEJN11  傳產- 其他化學        
844,6591,動力-KY      ,TEJT14  電子- 電子零組件其他  
845,6592,和潤企業     ,TEJF01  金融- 金融中介        
846,6598,ABC-KY       ,TEJN10  傳產- 醫療耗材        
847,6605,帝寶         ,TEJN16  傳產- 汽車            
848,6606,建德工業     ,TEJN06  傳產- 工具機          
849,6625,必應         ,TEJO99  其它業別              
850,6641,基士德-KY    ,TEJO99  其它業別              
851,6655,科定         ,TEJO99  其它業別              
852,6657,華安         ,TEJN09  傳產- 西藥            
853,6658,聯策         ,TEJT18  電子- 電子設備        
854,6666,羅麗芬-KY    ,                              
855,6668,中揚光       ,TEJT21  電子- 消費性電子      
856,6669,緯穎         ,TEJT01  電子- PC              
857,6670,復盛應用     ,TEJN23  傳產- 運動休閒        
858,6671,三能-KY      ,TEJO99  其它業別              
859,6672,騰輝電子-KY  ,TEJT04  電子- PCB原材料       
860,6674,鋐寶科技     ,TEJT15  電子- 網通            
861,6689,伊雲谷       ,                              
862,6691,洋基工程     ,TEJT18  電子- 電子設備        
863,6695,芯鼎         ,TEJT17  電子- IC設計          
864,6698,旭暉應材     ,TEJT08  電子- 面板            
865,6706,惠特         ,TEJT18  電子- 電子設備        
866,6715,嘉基         ,TEJT10  電子- 連接器          
867,6719,力智         ,TEJT17  電子- IC設計          
868,6742,澤米         ,TEJT21  電子- 消費性電子      
869,6743,安普新       ,TEJT21  電子- 消費性電子      
870,6753,龍德造船     ,TEJN16  傳產- 汽車            
871,6754,匯僑設計     ,TEJN17  傳產- 營建            
872,6756,威鋒電子     ,TEJT17  電子- IC設計          
873,6768,志強-KY      ,TEJN23  傳產- 運動休閒        
874,6770,力積電       ,TEJT16  電子- 晶圓製造        
875,6776,展_國際     ,TEJT20  電子- 資訊通路        
876,6781,AES-KY       ,TEJT14  電子- 電子零組件其他  
877,6782,視陽         ,TEJN10  傳產- 醫療耗材        
878,6789,采鈺         ,TEJT16  電子- 晶圓製造        
879,6790,永豐實       ,TEJN13  傳產- 造紙            
880,6792,詠業         ,TEJT13  電子- 被動元件        
881,6796,晉弘         ,TEJN10  傳產- 醫療耗材        
882,6799,來頡         ,TEJT17  電子- IC設計          
883,6805,富世達       ,TEJT14  電子- 電子零組件其他  
884,6806,森崴能源     ,                              
885,6807,峰源-KY      ,TEJO99  其它業別              
886,6830,汎銓         ,TEJO99  其它業別              
887,6834,天二科技     ,TEJT13  電子- 被動元件        
888,6835,圓裕         ,TEJT03  電子- PCB             
889,6861,睿生光電     ,TEJN10  傳產- 醫療耗材        
890,6863,永道-KY      ,TEJT15  電子- 網通            
891,6901,鑽石投資     ,                              
892,6916,華凌         ,TEJT08  電子- 面板            
893,6933,AMAX-KY      ,TEJT01  電子- PC              
894,6937,天虹         ,TEJT18  電子- 電子設備        
895,8011,台通         ,TEJT15  電子- 網通            
896,8016,矽創         ,TEJT17  電子- IC設計          
897,8021,尖點         ,TEJT04  電子- PCB原材料       
898,8028,昇陽半導體   ,TEJT16  電子- 晶圓製造        
899,8033,雷虎         ,TEJO99  其它業別              
900,8039,台虹         ,TEJT04  電子- PCB原材料       
901,8046,南電         ,TEJT02  電子- 主機板          
902,8070,長華*        ,TEJT20  電子- 資訊通路        
903,8072,陞泰         ,TEJT20  電子- 資訊通路        
904,8081,致新         ,TEJT17  電子- IC設計          
905,8101,華冠         ,                              
906,8103,瀚荃         ,TEJT10  電子- 連接器          
907,8104,錸寶         ,TEJT08  電子- 面板            
908,8105,凌巨         ,TEJT08  電子- 面板            
909,8110,華東         ,TEJT16  電子- 晶圓製造        
910,8112,至上         ,TEJT20  電子- 資訊通路        
911,8114,振樺電       ,TEJT02  電子- 主機板          
912,8131,福懋科       ,TEJT16  電子- 晶圓製造        
913,8150,南茂         ,TEJT16  電子- 晶圓製造        
914,8163,達方         ,TEJT05  電子- PC週邊          
915,8201,無敵         ,TEJO99  其它業別              
916,8210,勤誠         ,TEJT12  電子- 機殼            
917,8213,志超         ,TEJT03  電子- PCB             
918,8215,明基材       ,TEJT08  電子- 面板            
919,8222,寶一         ,                              
920,8249,菱光         ,TEJT05  電子- PC週邊          
921,8261,富鼎         ,TEJT17  電子- IC設計          
922,8271,宇瞻         ,TEJT16  電子- 晶圓製造        
923,8341,日友         ,TEJO99  其它業別              
924,8367,建新國際     ,TEJN19  傳產- 陸運            
925,8374,羅昇         ,TEJN06  傳產- 工具機          
926,8404,百和興業-KY  ,TEJN05  傳產- 紡織            
927,8411,福貞-KY      ,TEJN14  傳產- 鋼鐵            
928,8422,可寧衛       ,TEJO99  其它業別              
929,8429,金麗-KY      ,TEJN23  傳產- 運動休閒        
930,8438,昶昕         ,TEJO99  其它業別              
931,8442,威宏-KY      ,TEJN23  傳產- 運動休閒        
932,8443,阿瘦         ,TEJN23  傳產- 運動休閒        
933,8454,富邦媒       ,TEJT15  電子- 網通            
934,8462,柏文         ,TEJO99  其它業別              
935,8463,潤泰材       ,TEJN01  傳產- 水泥            
936,8464,億豐         ,TEJO99  其它業別              
937,8466,美吉吉-KY    ,TEJN04  傳產- 塑膠製品        
938,8467,波力-KY      ,TEJO99  其它業別              
939,8473,山林水       ,TEJO99  其它業別              
940,8476,台境         ,TEJO99  其它業別              
941,8478,東哥遊艇     ,TEJN16  傳產- 汽車            
942,8481,政伸         ,TEJO99  其它業別              
943,8482,商億-KY      ,TEJO99  其它業別              
944,8488,吉源-KY      ,TEJN14  傳產- 鋼鐵            
945,8499,鼎炫-KY      ,TEJO99  其它業別              
946,8926,台汽電       ,TEJN22  傳產- 油電燃氣        
947,8940,新天地       ,TEJN20  傳產- 觀光餐飲        
948,8996,高力         ,TEJN07  傳產- 電機及家電      
949,9103,美德醫療-DR  ,TEJN10  傳產- 醫療耗材        
950,910322,康師傅-DR    ,TEJN02  傳產- 食品            
951,9105,泰金寶-DR    ,TEJT05  電子- PC週邊          
952,910861,神州-DR      ,TEJT22  電子- 軟體            
953,9110,越南控-DR    ,TEJN16  傳產- 汽車            
954,911608,明輝-DR      ,TEJN21  傳產- 百貨貿易        
955,911622,泰聚亨-DR    ,TEJN14  傳產- 鋼鐵            
956,911868,同方友友-DR  ,TEJT06  電子- LED             
957,912000,晨訊科-DR    ,TEJT15  電子- 網通            
958,9136,巨騰-DR      ,TEJT12  電子- 機殼            
959,9802,鈺齊-KY      ,TEJN23  傳產- 運動休閒        
960,9902,台火         ,TEJO99  其它業別              
961,9904,寶成         ,TEJN23  傳產- 運動休閒        
962,9905,大華         ,TEJN14  傳產- 鋼鐵            
963,9906,欣巴巴       ,TEJN17  傳產- 營建            
964,9907,統一實       ,TEJN14  傳產- 鋼鐵            
965,9908,大台北       ,TEJN22  傳產- 油電燃氣        
966,9910,豐泰         ,TEJN23  傳產- 運動休閒        
967,9911,櫻花         ,TEJO99  其它業別              
968,9912,偉聯         ,TEJT05  電子- PC週邊          
969,9914,美利達       ,TEJN23  傳產- 運動休閒        
970,9917,中保科       ,TEJO99  其它業別              
971,9918,欣天然       ,TEJN22  傳產- 油電燃氣        
972,9919,康那香       ,TEJN05  傳產- 紡織            
973,9921,巨大         ,TEJN23  傳產- 運動休閒        
974,9924,福興         ,TEJO99  其它業別              
975,9925,新保         ,TEJO99  其它業別              
976,9926,新海         ,TEJN22  傳產- 油電燃氣        
977,9927,泰銘         ,TEJN14  傳產- 鋼鐵            
978,9928,中視         ,TEJO99  其它業別              
979,9929,秋雨         ,TEJO99  其它業別              
980,9930,中聯資源     ,TEJN01  傳產- 水泥            
981,9931,欣高         ,TEJN22  傳產- 油電燃氣        
982,9933,中鼎         ,TEJN17  傳產- 營建            
983,9934,成霖         ,TEJO99  其它業別              
984,9935,慶豐富       ,TEJO99  其它業別              
985,9937,全國         ,TEJN22  傳產- 油電燃氣        
986,9938,百和         ,TEJN05  傳產- 紡織            
987,9939,宏全         ,TEJN04  傳產- 塑膠製品        
988,9940,信義         ,TEJN17  傳產- 營建            
989,9941,裕融         ,TEJF01  金融- 金融中介        
990,9942,茂順         ,TEJN16  傳產- 汽車            
991,9943,好樂迪       ,TEJN20  傳產- 觀光餐飲        
992,9944,新麗         ,TEJN05  傳產- 紡織            
993,9945,潤泰新       ,TEJN17  傳產- 營建            
994,9946,三發地產     ,TEJN17  傳產- 營建            
995,9955,佳龍         ,TEJO99  其它業別              
996,9958,世紀鋼       ,TEJN14  傳產- 鋼鐵            
